{
  "project_info": {
    "project_number": "374126048695",
    "project_id": "librodeturnos",
    "storage_bucket": "librodeturnos.appspot.com"
  },
  "client": [
    {
      "client_info": {
        "mobilesdk_app_id": "1:374126048695:android:11eb73778109990f402432",
        "android_client_info": {
          "package_name": "com.example.libroturnos"
        }
      },
      "oauth_client": [
        {
          "client_id": "374126048695-53kp20uu449r1d4mj5mmgg01hpje139j.apps.googleusercontent.com",
          "client_type": 3
        }
      ],
      "api_key": [
        {
          "current_key": "AIzaSyA6H4P2TI2ikOieZVbrEgy_MhvZJsCYgDY"
        }
      ],
      "services": {
        "appinvite_service": {
          "other_platform_oauth_client": [
            {
              "client_id": "374126048695-53kp20uu449r1d4mj5mmgg01hpje139j.apps.googleusercontent.com",
              "client_type": 3
            }
          ]
        }
      }
    }
  ],
  "configuration_version": "1"
}